[
  {
    "id": "0b469b85-72e7-4ca3-8796-e18b80c202da",
    "data": [
      {
        "text": "teach me use this bot",
        "alias": "help-required",
        "meta": "@help-required",
        "userDefined": true
      }
    ],
    "isTemplate": false,
    "count": 0,
    "updated": 0
  },
  {
    "id": "72819eee-fe3c-405f-b9cf-dd757d0aa7ad",
    "data": [
      {
        "text": "how to use the bot?",
        "alias": "help-required",
        "meta": "@help-required",
        "userDefined": true
      }
    ],
    "isTemplate": false,
    "count": 0,
    "updated": 0
  },
  {
    "id": "b0565b67-b03d-497a-a559-2095e586521d",
    "data": [
      {
        "text": "guideline",
        "alias": "help-required",
        "meta": "@help-required",
        "userDefined": true
      },
      {
        "text": " please",
        "userDefined": false
      }
    ],
    "isTemplate": false,
    "count": 0,
    "updated": 0
  },
  {
    "id": "d2d1c4f5-9255-4c71-92ed-8c2e2c242f80",
    "data": [
      {
        "text": "/",
        "userDefined": false
      },
      {
        "text": "help",
        "alias": "help-required",
        "meta": "@help-required",
        "userDefined": true
      }
    ],
    "isTemplate": false,
    "count": 0,
    "updated": 0
  },
  {
    "id": "4ac48ecf-bbe5-449a-a048-c332551f2a06",
    "data": [
      {
        "text": "help",
        "alias": "help-required",
        "meta": "@help-required",
        "userDefined": true
      }
    ],
    "isTemplate": false,
    "count": 0,
    "updated": 0
  }
]