[
  {
    "id": "80d96aef-3f2f-4d64-bd27-182e255223b5",
    "data": [
      {
        "text": "/",
        "userDefined": false
      },
      {
        "text": "check",
        "alias": "check-synonym",
        "meta": "@check-synonym",
        "userDefined": true
      },
      {
        "text": " ",
        "userDefined": false
      },
      {
        "text": "1/1/12",
        "alias": "date",
        "meta": "@sys.date",
        "userDefined": false
      },
      {
        "text": " homework",
        "userDefined": false
      }
    ],
    "isTemplate": false,
    "count": 0,
    "updated": 0
  },
  {
    "id": "475b2fd7-a50b-4187-851a-2d29509f7e19",
    "data": [
      {
        "text": "i want to ",
        "userDefined": false
      },
      {
        "text": "check",
        "alias": "check-synonym",
        "meta": "@check-synonym",
        "userDefined": true
      },
      {
        "text": " whether ",
        "userDefined": false
      },
      {
        "text": "1/1/12",
        "alias": "date",
        "meta": "@sys.date",
        "userDefined": false
      },
      {
        "text": " has homework",
        "userDefined": false
      }
    ],
    "isTemplate": false,
    "count": 0,
    "updated": 0
  }
]