[
  {
    "id": "4868ac8e-7414-48fd-97b1-c8cdfb3fafbc",
    "data": [
      {
        "text": "/",
        "userDefined": false
      },
      {
        "text": "check",
        "alias": "check-synonym",
        "meta": "@check-synonym",
        "userDefined": true
      },
      {
        "text": " ",
        "userDefined": false
      },
      {
        "text": "1/1/12",
        "alias": "date",
        "meta": "@sys.date",
        "userDefined": false
      },
      {
        "text": " homework",
        "userDefined": false
      }
    ],
    "isTemplate": false,
    "count": 0,
    "updated": 0
  },
  {
    "id": "cf214579-d518-4c5c-bc2c-0c75a1e313cb",
    "data": [
      {
        "text": "i want to ",
        "userDefined": false
      },
      {
        "text": "check",
        "alias": "check-synonym",
        "meta": "@check-synonym",
        "userDefined": true
      },
      {
        "text": " whether ",
        "userDefined": false
      },
      {
        "text": "1/1/12",
        "alias": "date",
        "meta": "@sys.date",
        "userDefined": false
      },
      {
        "text": " has homework",
        "userDefined": false
      }
    ],
    "isTemplate": false,
    "count": 0,
    "updated": 0
  }
]