[
  {
    "value": "Math",
    "synonyms": [
      "math",
      "math1",
      "math 2",
      "system world",
      "mathematics"
    ]
  },
  {
    "value": "Physcis",
    "synonyms": [
      "physcis",
      "physcis 1",
      "physics 2",
      "engineering",
      "Physics"
    ]
  },
  {
    "value": "Biology",
    "synonyms": [
      "biology",
      "bio",
      "bio/chem",
      "chemistry",
      "intro to bio",
      "intro to bio/chem"
    ]
  },
  {
    "value": "Digital World",
    "synonyms": [
      "Digital World",
      "programming",
      "code",
      "coding",
      "python"
    ]
  }
]